{
  "count": 8,
  "value": [
    {
      "id": 294,
      "rev": 3,
      "fields": {
        "System.AreaPath": "Template Terraform Project - Agile",
        "System.TeamProject": "Template Terraform Project - Agile",
        "System.IterationPath": "Template Terraform Project - Agile",
        "System.WorkItemType": "Task",
        "System.State": "To Do",
        "System.Reason": "New task",
        "System.CreatedDate": "2021-07-13T10:18:16.657Z",
        "System.CreatedBy": "Kai Braumann <kai.braumann@shareprojects.de>",
        "System.ChangedDate": "2021-07-14T10:43:50.967Z",
        "System.ChangedBy": "Kai Braumann <kai.braumann@shareprojects.de>",
        "System.Title": "8th Step - Configure project dashboard",
        "Microsoft.VSTS.Scheduling.Effort": 0.0,
        "System.Description": "<div><span style=\"color:rgb(32, 33, 36);font-family:Roboto, arial, sans-serif;font-size:13px;text-align:left;display:inline !important;\"></span></div><p style=\"margin:0cm 0cm 8pt;font-size:11pt;font-family:Calibri, sans-serif;margin-bottom:0cm;background:white;\"><span style=\"font-size:10.5pt;font-family:&quot;Segoe UI&quot;,sans-serif;color:black;\">We have created a query\nfor you to see all work items and their member assignment on your\nproject dashboard.</span></p><p style=\"margin:0cm 0cm 8pt;font-size:11pt;font-family:Calibri, sans-serif;margin-bottom:0cm;background:white;\"><span style=\"font-size:10.5pt;font-family:&quot;Segoe UI&quot;,sans-serif;color:black;\">&nbsp;</span></p><p style=\"margin:0cm 0cm 8pt;font-size:11pt;font-family:Calibri, sans-serif;margin-bottom:0cm;background:white;\"><span style=\"font-size:10.5pt;font-family:&quot;Segoe UI&quot;,sans-serif;color:black;\">In order to configure\nyour dashboard using the query result, you need to add an appropriate\nwidget and connect it with the query.</span></p><p style=\"margin:0cm 0cm 8pt;font-size:11pt;font-family:Calibri, sans-serif;margin-bottom:0cm;background:white;\"><span style=\"font-size:10.5pt;font-family:&quot;Segoe UI&quot;,sans-serif;color:black;\">&nbsp;</span></p><p style=\"margin:0cm 0cm 8pt;font-size:11pt;font-family:Calibri, sans-serif;margin-bottom:0cm;background:white;\"><span style=\"font-size:10.5pt;font-family:&quot;Segoe UI&quot;,sans-serif;color:black;\">Steps to follow:</span></p><p style=\"margin:0cm 0cm 8pt;font-size:11pt;font-family:Calibri, sans-serif;margin-bottom:0cm;background:white;\"><span style=\"font-size:10.5pt;font-family:&quot;Segoe UI&quot;,sans-serif;color:black;\">&nbsp;</span></p><ol start=1 type=1 style=\"margin-bottom:0cm;\">\n <li style=\"margin:0cm 0cm 8pt;font-size:11pt;font-family:Calibri, sans-serif;color:black;background:white;\"><span style=\"font-size:10.5pt;font-family:&quot;Segoe UI&quot;,sans-serif;\">Go to\n     the home page of the project and click on the&nbsp;<b>Overview&nbsp;</b>link from the navigation bar on the left</span></li>\n <li style=\"margin:0cm 0cm 8pt;font-size:11pt;font-family:Calibri, sans-serif;color:black;background:white;\"><span style=\"font-size:10.5pt;font-family:&quot;Segoe UI&quot;,sans-serif;\">Select&nbsp;<b>Dashboards&nbsp;</b>from\n     <span style=\"font-family:&quot;Segoe UI&quot;, sans-serif;display:inline !important;\">the navigation bar on the left</span></span></li>\n <li style=\"margin:0cm 0cm 8pt;font-size:11pt;font-family:Calibri, sans-serif;color:black;background:white;\"><span style=\"font-size:10.5pt;font-family:&quot;Segoe UI&quot;,sans-serif;\">Click\n     on Add Widget</span></li>\n <li style=\"margin:0cm 0cm 8pt;font-size:11pt;font-family:Calibri, sans-serif;color:black;background:white;\"><span style=\"font-size:10.5pt;font-family:&quot;Segoe UI&quot;,sans-serif;\">Select widget\n     &quot;<b>Query Results</b>&quot; and click on the&nbsp;<b>Add&nbsp;</b>button</span></li>\n <li style=\"margin:0cm 0cm 8pt;font-size:11pt;font-family:Calibri, sans-serif;color:black;background:white;\"><span style=\"font-size:10.5pt;font-family:&quot;Segoe UI&quot;,sans-serif;\">&nbsp;You\n     will see a widget on the screen</span></li>\n <li style=\"margin:0cm 0cm 8pt;font-size:11pt;font-family:Calibri, sans-serif;color:black;background:white;\"><span style=\"font-size:10.5pt;font-family:&quot;Segoe UI&quot;,sans-serif;\">Click\n     on the button on the widget (top right of the\n     widget)&nbsp;</span></li>\n <li style=\"margin:0cm 0cm 8pt;font-size:11pt;font-family:Calibri, sans-serif;color:black;background:white;\"><span style=\"font-size:10.5pt;font-family:&quot;Segoe UI&quot;,sans-serif;\">You\n     will see a new window, go to query section and select&nbsp;<b>shared\n     queries -&gt; All work items -&gt; save</b></span></li>\n <li style=\"margin:0cm 0cm 8pt;font-size:11pt;font-family:Calibri, sans-serif;color:black;background:white;\"><span style=\"font-size:10.5pt;font-family:&quot;Segoe UI&quot;,sans-serif;\">You\n     will see all work items in the widget</span></li>\n <li style=\"margin:0cm 0cm 8pt;font-size:11pt;font-family:Calibri, sans-serif;color:black;background:white;\"><span style=\"font-size:10.5pt;font-family:&quot;Segoe UI&quot;,sans-serif;\">Now\n     select a new Widget &quot;<b>Assigned to Me</b>&quot; and click on&nbsp;<b>Add&nbsp;</b>button</span></li>\n <li style=\"margin:0cm 0cm 8pt;font-size:11pt;font-family:Calibri, sans-serif;color:black;background:white;\"><span style=\"font-size:10.5pt;font-family:&quot;Segoe UI&quot;,sans-serif;\">If Any\n     work item is assigned to you, you will be able to see those work items under the &quot;<b>Assigned to Me</b>&quot; widget</span></li>\n <li style=\"margin:0cm 0cm 8pt;font-size:11pt;font-family:Calibri, sans-serif;color:black;background:white;\"><span style=\"font-size:10.5pt;font-family:&quot;Segoe UI&quot;,sans-serif;\">Click\n     on &quot;<b>Done Editing</b>&quot; on the top&nbsp;</span></li></ol><div><span style=\"color:rgb(32, 33, 36);font-family:Roboto, arial, sans-serif;font-size:13px;text-align:left;display:inline !important;\"> </span><br></div>",
        "System.AssignedTo": null,
        "Microsoft.VSTS.Scheduling.RemainingWork": 0.0,
        "Microsoft.VSTS.Common.Priority": 2.0,
        "System.BoardLane": null,
        "System.Tags": null,
        "Microsoft.VSTS.TCM.Steps": null,
        "Microsoft.VSTS.TCM.Parameters": null,
        "Microsoft.VSTS.TCM.LocalDataSource": null,
        "Microsoft.VSTS.TCM.AutomationStatus": null,
        "System.History": null
      },
      "relations": null,
      "url": "https://dev.azure.com/ShareProjects2020/_apis/wit/workItems/294"
    },
    {
      "id": 293,
      "rev": 3,
      "fields": {
        "System.AreaPath": "Template Terraform Project - Agile",
        "System.TeamProject": "Template Terraform Project - Agile",
        "System.IterationPath": "Template Terraform Project - Agile",
        "System.WorkItemType": "Task",
        "System.State": "To Do",
        "System.Reason": "New task",
        "System.CreatedDate": "2021-07-13T10:18:16.657Z",
        "System.CreatedBy": "Kai Braumann <kai.braumann@shareprojects.de>",
        "System.ChangedDate": "2021-07-14T10:39:36.153Z",
        "System.ChangedBy": "Kai Braumann <kai.braumann@shareprojects.de>",
        "System.Title": "7th Step - Edit Pipelines & Releases",
        "Microsoft.VSTS.Scheduling.Effort": 0.0,
        "System.Description": "<div><span style=\"color:rgb(32, 33, 36);font-family:Roboto, arial, sans-serif;font-size:13px;text-align:left;display:inline !important;\"></span></div><p style=\"margin:0cm 0cm 8pt;font-size:11pt;font-family:Calibri, sans-serif;margin-bottom:0cm;\"><span style=\"font-size:12.0pt;font-family:&quot;Times New Roman&quot;,serif;\">Azure Pipeline&nbsp;is a cloud\nservice that we can use to build and test our code project automatically.\nThe&nbsp;Azure pipeline&nbsp;has a lot of capabilities such as continuous\nintegration and continuous delivery to regularly and consistently test and\nbuild our code and ship it to any target.&nbsp;</span></p><p style=\"margin:0cm 0cm 8pt;font-size:11pt;font-family:Calibri, sans-serif;margin-bottom:0cm;\"><span style=\"font-size:12.0pt;font-family:&quot;Times New Roman&quot;,serif;\">&nbsp;</span></p><p style=\"margin:0cm 0cm 8pt;font-size:11pt;font-family:Calibri, sans-serif;margin-bottom:0cm;\"><span style=\"font-size:12.0pt;font-family:&quot;Times New Roman&quot;,serif;\">You can find more details about pipelines at&nbsp;</span><a href=\"https://docs.microsoft.com/en-in/azure/devops/pipelines/?view=azure-devops\"><span style=\"font-size:12.0pt;font-family:&quot;Times New Roman&quot;,serif;color:blue;\">https://docs.microsoft.com/en-in/azure/devops/pipelines/?view=azure-devops</span></a><span style=\"font-size:12.0pt;font-family:&quot;Times New Roman&quot;,serif;\"></span></p><p style=\"margin:0cm 0cm 8pt;font-size:11pt;font-family:Calibri, sans-serif;margin-bottom:0cm;\"><span style=\"font-size:12.0pt;font-family:&quot;Times New Roman&quot;,serif;\">&nbsp;</span></p><p style=\"margin:0cm 0cm 8pt;font-size:11pt;font-family:Calibri, sans-serif;margin-bottom:0cm;\"><span style=\"font-size:12.0pt;font-family:Consolas;color:#C82613;background:#FFFFFE;\">NOTE</span><span style=\"font-size:12.0pt;font-family:Consolas;color:#0451A5;background:#FFFFFE;\">: If you have\nsensitive information which you don't want to show in the pipeline, use an Azure Key Vault. The Azure Key Vault allows us to securely store, manage, and access\nsensitive information. Secrets can be API keys, credentials, certificates, etc. An Example is given in the pipeline&nbsp;<span style=\"font-family:Consolas;background-color:rgb(255, 255, 254);display:inline !important;\">below</span>. If you dont want to use it, you can out-comment/delete&nbsp; the task&nbsp;<i>AzureKeyVault@1v</i></span><span style=\"font-size:12.0pt;font-family:&quot;Times New Roman&quot;,serif;\"></span></p><p style=\"margin:0cm 0cm 8pt;font-size:11pt;font-family:Calibri, sans-serif;margin-bottom:0cm;\"><span style=\"font-size:12.0pt;font-family:&quot;Times New Roman&quot;,serif;\">&nbsp;</span></p><p style=\"margin:0cm 0cm 8pt;font-size:11pt;font-family:Calibri, sans-serif;margin-bottom:0cm;\"><b><span style=\"font-size:12.0pt;font-family:&quot;Times New Roman&quot;,serif;\">Below are few pipelines which have been already setup for you to start with.</span></b><span style=\"font-size:12.0pt;font-family:&quot;Times New Roman&quot;,serif;\"></span></p><p style=\"margin:0cm 0cm 8pt;font-size:11pt;font-family:Calibri, sans-serif;margin-bottom:0cm;\"><span style=\"font-size:12.0pt;font-family:&quot;Times New Roman&quot;,serif;\">&nbsp;</span></p><p style=\"margin:0cm 0cm 8pt;font-size:11pt;font-family:Calibri, sans-serif;margin-bottom:0cm;\"><span style=\"font-size:12.0pt;font-family:&quot;Times New Roman&quot;,serif;\">Once the service connections of type\nAzure Resource Manager is created, edit the pipeline to use the newly created\nservice connections.</span></p><p style=\"margin:0cm 0cm 8pt;font-size:11pt;font-family:Calibri, sans-serif;margin-bottom:0cm;\"><span style=\"font-size:12.0pt;font-family:&quot;Times New Roman&quot;,serif;\"><br style=\"\"><br style=\"\"></span></p><p style=\"margin:0cm 0cm 8pt;font-size:11pt;font-family:Calibri, sans-serif;margin-bottom:0cm;\"><span style=\"font-size:12.0pt;font-family:&quot;Times New Roman&quot;,serif;\">Edit following tasks for the&nbsp;<b>&quot;Yaml\npipeline to build and deploy Infrastructure&quot;&nbsp;</b>pipeline:<br style=\"\"><br style=\"\"></span></p><p style=\"margin:0cm 0cm 8pt;font-size:11pt;font-family:Calibri, sans-serif;margin-bottom:0cm;\"><span style=\"font-size:12.0pt;font-family:&quot;Times New Roman&quot;,serif;\"><br style=\"\"><br style=\"\"></span></p><p style=\"margin:0cm 0cm 8pt;font-size:11pt;font-family:Calibri, sans-serif;margin-bottom:0cm;background:#FFFFFE;\"><i><span style=\"font-size:12.0pt;font-family:Consolas;color:black;\">task:&nbsp;AzureKeyVault@1v:&nbsp;</span></i><span style=\"font-size:12.0pt;font-family:Consolas;color:black;\"></span></p><p style=\"margin:0cm 0cm 8pt;font-size:11pt;font-family:Calibri, sans-serif;margin-bottom:0cm;background:#FFFFFE;\"><i><span style=\"font-size:12.0pt;font-family:Consolas;color:black;\">azureSubscription:&nbsp;'Azure&nbsp;subscription'</span></i><span style=\"font-size:12.0pt;font-family:Consolas;color:black;\"></span></p><p style=\"margin:0cm 0cm 8pt;font-size:11pt;font-family:Calibri, sans-serif;margin-bottom:0cm;background:#FFFFFE;\"><i><span style=\"font-size:12.0pt;font-family:Consolas;color:black;\">KeyVaultName:&nbsp;'Keyvault&nbsp;name'</span></i><span style=\"font-size:12.0pt;font-family:Consolas;color:black;\"></span></p><p style=\"margin:0cm 0cm 8pt;font-size:11pt;font-family:Calibri, sans-serif;margin-bottom:0cm;background:#FFFFFE;\"><i><span style=\"font-size:12.0pt;font-family:Consolas;color:black;\">SecretsFilter:&nbsp;'*'</span></i><span style=\"font-size:12.0pt;font-family:Consolas;color:black;\"></span></p><p style=\"margin:0cm 0cm 8pt;font-size:11pt;font-family:Calibri, sans-serif;margin-bottom:0cm;background:#FFFFFE;\"><i><span style=\"font-size:12.0pt;font-family:Consolas;color:black;\">task:&nbsp;qetza.replacetokens.replacetokens-task.replacetokens@3</span></i><span style=\"font-size:12.0pt;font-family:Consolas;color:black;\"></span></p><p style=\"margin:0cm 0cm 8pt;font-size:11pt;font-family:Calibri, sans-serif;margin-bottom:0cm;background:#FFFFFE;\"><i><span style=\"font-size:12.0pt;font-family:Consolas;color:black;\">targetFiles:\n&quot;Edit .tf file path and use&nbsp;'**/*.tf' in case of all file</span></i><span style=\"font-size:12.0pt;font-family:Consolas;color:black;\"></span></p><p style=\"margin:0cm 0cm 8pt;font-size:11pt;font-family:Calibri, sans-serif;margin-bottom:0cm;background:#FFFFFE;\"><i><span style=\"font-size:12.0pt;font-family:Consolas;color:black;\">task:&nbsp;TerraformTaskV1@0</span></i><span style=\"font-size:12.0pt;font-family:Consolas;color:black;\"></span></p><p style=\"margin:0cm 0cm 8pt;font-size:11pt;font-family:Calibri, sans-serif;margin-bottom:0cm;background:#FFFFFE;\"><i><span style=\"font-size:12.0pt;font-family:Consolas;color:black;\">backendAzureRmResourceGroupName:&nbsp;'Resource&nbsp;group&nbsp;name'</span></i><span style=\"font-size:12.0pt;font-family:Consolas;color:black;\"></span></p><p style=\"margin:0cm 0cm 8pt;font-size:11pt;font-family:Calibri, sans-serif;margin-bottom:0cm;background:#FFFFFE;\"><i><span style=\"font-size:12.0pt;font-family:Consolas;color:black;\">backendAzureRmStorageAccountName:&nbsp;'Storage&nbsp;Account&nbsp;Name'</span></i><span style=\"font-size:12.0pt;font-family:Consolas;color:black;\"></span></p><p style=\"margin:0cm 0cm 8pt;font-size:11pt;font-family:Calibri, sans-serif;margin-bottom:0cm;background:#FFFFFE;\"><i><span style=\"font-size:12.0pt;font-family:Consolas;color:black;\">backendAzureRmContainerName:&nbsp;'Container&nbsp;Name'</span></i><span style=\"font-size:12.0pt;font-family:Consolas;color:black;\"></span></p><p style=\"margin:0cm 0cm 8pt;font-size:11pt;font-family:Calibri, sans-serif;margin-bottom:0cm;background:#FFFFFE;\"><i><span style=\"font-size:12.0pt;font-family:Consolas;color:black;\">task:&nbsp;TerraformTaskV1@0</span></i><span style=\"font-size:12.0pt;font-family:Consolas;color:black;\"></span></p><p style=\"margin:0cm 0cm 8pt;font-size:11pt;font-family:Calibri, sans-serif;margin-bottom:0cm;background:#FFFFFE;\"><i><span style=\"font-size:12.0pt;font-family:Consolas;color:black;\">environmentServiceNameAzureRM:&nbsp;'service&nbsp;connection'</span></i><span style=\"font-size:12.0pt;font-family:Consolas;color:black;\"></span></p><p style=\"margin:0cm 0cm 8pt;font-size:11pt;font-family:Calibri, sans-serif;margin-bottom:0cm;background:#FFFFFE;\"><i><span style=\"font-size:12.0pt;font-family:Consolas;color:black;\">task:&nbsp;TerraformTaskV1@0</span></i><span style=\"font-size:12.0pt;font-family:Consolas;color:black;\"></span></p><p style=\"margin:0cm 0cm 8pt;font-size:11pt;font-family:Calibri, sans-serif;margin-bottom:0cm;background:#FFFFFE;\"><i><span style=\"font-size:12.0pt;font-family:Consolas;color:black;\">environmentServiceNameAzureRM:&nbsp;'service&nbsp;connection'</span></i><span style=\"font-size:12.0pt;font-family:Consolas;color:black;\"></span></p><p style=\"margin:0cm 0cm 8pt;font-size:11pt;font-family:Calibri, sans-serif;margin-bottom:0cm;background:#FFFFFE;\"><span style=\"font-size:12.0pt;font-family:Consolas;color:#0451A5;\"><br style=\"\"><br style=\"\"></span><span style=\"font-size:12.0pt;font-family:Consolas;color:black;\"></span></p><p style=\"margin:0cm 0cm 8pt;font-size:11pt;font-family:Calibri, sans-serif;margin-bottom:0cm;background:#FFFFFE;\"><span style=\"font-size:12.0pt;font-family:Consolas;color:black;\">&nbsp;</span></p><p style=\"margin:0cm 0cm 8pt;font-size:11pt;font-family:Calibri, sans-serif;margin-bottom:0cm;background:#FFFFFE;\"><span style=\"font-size:12.0pt;font-family:Consolas;color:black;\">Edit\nfollowing tasks for the&nbsp;<b>&quot;Yaml pipeline to build and deploy\nInfrastructure&quot;&nbsp;</b>pipeline:</span><span style=\"font-size:12.0pt;font-family:Consolas;color:#0451A5;\"><br style=\"\"><br style=\"\"></span><span style=\"font-size:12.0pt;font-family:Consolas;color:black;\"></span></p><p style=\"margin:0cm 0cm 8pt;font-size:11pt;font-family:Calibri, sans-serif;margin-bottom:0cm;background:#FFFFFE;\"><span style=\"font-size:12.0pt;font-family:Consolas;color:#0451A5;\"><br style=\"\"><br style=\"\"></span><span style=\"font-size:12.0pt;font-family:Consolas;color:black;\"></span></p><p style=\"margin:0cm 0cm 8pt;font-size:11pt;font-family:Calibri, sans-serif;margin-bottom:0cm;background:#FFFFFE;\"><i><span style=\"font-size:12.0pt;font-family:Consolas;color:black;\">task:&nbsp;CopyFiles@2</span></i><span style=\"font-size:12.0pt;font-family:Consolas;color:black;\"></span></p><p style=\"margin:0cm 0cm 8pt;font-size:11pt;font-family:Calibri, sans-serif;margin-bottom:0cm;background:#FFFFFE;\"><i><span style=\"font-size:12.0pt;font-family:Consolas;color:black;\">SourceFolder:&nbsp;'source\nfolder path'</span></i><span style=\"font-size:12.0pt;font-family:Consolas;color:black;\"></span></p><p style=\"margin:0cm 0cm 8pt;font-size:11pt;font-family:Calibri, sans-serif;margin-bottom:0cm;background:#FFFFFE;\"><i><span style=\"font-size:12.0pt;font-family:Consolas;color:black;\">TargetFolder:&nbsp;<span style=\"background:#FFFFFE;\">'target folder path'</span></span></i><span style=\"font-size:12.0pt;font-family:Consolas;color:black;\"></span></p><p style=\"margin:0cm 0cm 8pt;font-size:11pt;font-family:Calibri, sans-serif;margin-bottom:0cm;background:#FFFFFE;\"><i><span style=\"font-size:12.0pt;font-family:Consolas;color:black;\">task:&nbsp;PublishBuildArtifacts@1</span></i><span style=\"font-size:12.0pt;font-family:Consolas;color:black;\"></span></p><p style=\"margin:0cm 0cm 8pt;font-size:11pt;font-family:Calibri, sans-serif;margin-bottom:0cm;background:#FFFFFE;\"><i><span style=\"font-size:12.0pt;font-family:Consolas;color:black;\">PathtoPublish:&nbsp;\ndefault is&nbsp;'$(Build.ArtifactStagingDirectory)' but you can change</span></i><span style=\"font-size:12.0pt;font-family:Consolas;color:black;\"></span></p><p style=\"margin:0cm 0cm 8pt;font-size:11pt;font-family:Calibri, sans-serif;margin-bottom:0cm;background:#FFFFFE;\"><i><span style=\"font-size:12.0pt;font-family:Consolas;color:black;\">ArtifactName:\ndefault is&nbsp;'drop'&nbsp;<span style=\"background:#FFFFFE;\">but you can change</span></span></i><span style=\"font-size:12.0pt;font-family:Consolas;color:black;\"></span></p><p style=\"margin:0cm 0cm 8pt;font-size:11pt;font-family:Calibri, sans-serif;margin-bottom:0cm;background:#FFFFFE;\"><span style=\"font-size:12.0pt;font-family:Consolas;color:#0451A5;\"><br style=\"\"><br style=\"\"></span><span style=\"font-size:12.0pt;font-family:Consolas;color:black;\"></span></p><p style=\"margin:0cm 0cm 8pt;font-size:11pt;font-family:Calibri, sans-serif;margin-bottom:0cm;background:#FFFFFE;\"><span style=\"font-size:12.0pt;font-family:Consolas;color:#0451A5;\"><br style=\"\"><br style=\"\"></span><span style=\"font-size:12.0pt;font-family:Consolas;color:black;\"></span></p><p style=\"margin:0cm 0cm 8pt;font-size:11pt;font-family:Calibri, sans-serif;margin-bottom:0cm;background:#FFFFFE;\"><span style=\"font-size:12.0pt;font-family:Consolas;color:black;background:#FFFFFE;\">Edit the following tasks for the &quot;</span><b><span style=\"font-size:12.0pt;font-family:Consolas;color:black;\">Classic\neditor pipeline to copy and publish artifacts</span></b><span style=\"font-size:12.0pt;font-family:Consolas;color:black;\">&quot;<b><span style=\"background:#FFFFFE;\">&nbsp;</span></b><span style=\"background:#FFFFFE;\">pipeline:</span></span><span style=\"font-size:12.0pt;font-family:Consolas;color:#0451A5;\"><br style=\"\"><br style=\"\"></span><span style=\"font-size:12.0pt;font-family:Consolas;color:black;\"></span></p><p style=\"margin:0cm 0cm 8pt;font-size:11pt;font-family:Calibri, sans-serif;margin-bottom:0cm;background:#FFFFFE;\"><span style=\"font-size:12.0pt;font-family:Consolas;color:#0451A5;\"><br style=\"\"><br style=\"\"></span><span style=\"font-size:12.0pt;font-family:Consolas;color:black;\"></span></p><p style=\"margin:0cm 0cm 8pt;font-size:11pt;font-family:Calibri, sans-serif;margin-bottom:0cm;\"><i><span style=\"font-size:12.0pt;font-family:&quot;Times New Roman&quot;,serif;color:black;\">task: copy files to :</span></i><span style=\"font-size:12.0pt;font-family:&quot;Times New Roman&quot;,serif;\"></span></p><p style=\"margin:0cm 0cm 8pt;font-size:11pt;font-family:Calibri, sans-serif;margin-bottom:0cm;\"><i><span style=\"font-size:12.0pt;font-family:Consolas;color:black;background:#FFFFFE;\">SourceFolder:&nbsp;'source folder path'</span></i><i><span style=\"font-size:12.0pt;font-family:&quot;Times New Roman&quot;,serif;\"><br style=\"\"><br style=\"\"></span></i><span style=\"font-size:12.0pt;font-family:&quot;Times New Roman&quot;,serif;\"></span></p><p style=\"margin:0cm 0cm 8pt;font-size:11pt;font-family:Calibri, sans-serif;margin-bottom:0cm;\"><i><span style=\"font-size:12.0pt;font-family:Consolas;color:black;background:#FFFFFE;\">Contents: provide * in case of all .tf file</span></i><span style=\"font-size:12.0pt;font-family:&quot;Times New Roman&quot;,serif;\"></span></p><p style=\"margin:0cm 0cm 8pt;font-size:11pt;font-family:Calibri, sans-serif;margin-bottom:0cm;\"><i><span style=\"font-size:12.0pt;font-family:Consolas;color:black;background:#FFFFFE;\">TargetFolder:&nbsp;'target folder path'</span></i><span style=\"font-size:12.0pt;font-family:Consolas;color:#333333;background:#FFFFFE;\"><br style=\"\"><br style=\"\"></span><span style=\"font-size:12.0pt;font-family:&quot;Times New Roman&quot;,serif;\"></span></p><p style=\"margin:0cm 0cm 8pt;font-size:11pt;font-family:Calibri, sans-serif;margin-bottom:0cm;\"><i><span style=\"font-size:12.0pt;font-family:Consolas;color:black;background:#FFFFFE;\"><br style=\"\"><br style=\"\"></span></i><span style=\"font-size:12.0pt;font-family:&quot;Times New Roman&quot;,serif;\"></span></p><p style=\"margin:0cm 0cm 8pt;font-size:11pt;font-family:Calibri, sans-serif;margin-bottom:0cm;\"><span style=\"font-size:12.0pt;font-family:Consolas;color:#0451A5;background:#FFFFFE;\"><br style=\"\"><br style=\"\"></span><span style=\"font-size:12.0pt;font-family:&quot;Times New Roman&quot;,serif;\"></span></p><p style=\"margin:0cm 0cm 8pt;font-size:11pt;font-family:Calibri, sans-serif;margin-bottom:0cm;\"><span style=\"font-size:12.0pt;font-family:Consolas;color:black;background:#FFFFFE;\">Edit the following tasks for the &quot;<b>Classic editor\npipeline to copy and publish artifacts</b>&quot;&nbsp;</span><span style=\"font-size:12.0pt;font-family:&quot;Times New Roman&quot;,serif;color:black;background:#FFFFFE;\">release</span><span style=\"font-size:12.0pt;font-family:Consolas;color:black;background:#FFFFFE;\">:</span><i><span style=\"font-size:12.0pt;font-family:&quot;Times New Roman&quot;,serif;color:black;background:#FFFFFE;\"><br style=\"\"><br style=\"\"></span></i><span style=\"font-size:12.0pt;font-family:&quot;Times New Roman&quot;,serif;\"></span></p><p style=\"margin:0cm 0cm 8pt;font-size:11pt;font-family:Calibri, sans-serif;margin-bottom:0cm;\"><span style=\"font-size:12.0pt;font-family:Consolas;color:#0451A5;background:#FFFFFE;\"><br style=\"\"><br style=\"\"></span><span style=\"font-size:12.0pt;font-family:&quot;Times New Roman&quot;,serif;\"></span></p><p style=\"margin:0cm 0cm 8pt;font-size:11pt;font-family:Calibri, sans-serif;margin-bottom:0cm;\"><i><span style=\"font-size:12.0pt;font-family:Consolas;color:black;background:#FFFFFE;\">Agent pool: &quot;select self-hosted agent&quot;</span></i><i><span style=\"font-size:12.0pt;font-family:Consolas;color:#0451A5;background:#FFFFFE;\"></span></i></p><p style=\"margin:0cm 0cm 8pt;font-size:11pt;font-family:Calibri, sans-serif;margin-bottom:0cm;\"><i><span style=\"font-size:12.0pt;font-family:Consolas;color:black;background:#FFFFFE;\">Terraform : init</span></i><i><span style=\"font-size:12.0pt;font-family:Consolas;color:#0451A5;background:#FFFFFE;\"></span></i></p><p style=\"margin:0cm 0cm 8pt;font-size:11pt;font-family:Calibri, sans-serif;margin-bottom:0cm;\"><i><span style=\"font-size:12.0pt;font-family:Consolas;color:black;background:#FFFFFE;\">-task:\nms-devlabs.custom-terraform-tasks.custom-terraform-release-task.TerraformTaskV2@2command:\ninit</span></i><i><span style=\"font-size:12.0pt;font-family:Consolas;color:#0451A5;background:#FFFFFE;\"></span></i></p><p style=\"margin:0cm 0cm 8pt;font-size:11pt;font-family:Calibri, sans-serif;margin-bottom:0cm;\"><i><span style=\"font-size:12.0pt;font-family:Consolas;color:black;background:#FFFFFE;\">Azure subscription: 'service connection'</span></i><i><span style=\"font-size:12.0pt;font-family:Consolas;color:#0451A5;background:#FFFFFE;\"></span></i></p><p style=\"margin:0cm 0cm 8pt;font-size:11pt;font-family:Calibri, sans-serif;margin-bottom:0cm;\"><i><span style=\"font-size:12.0pt;font-family:Consolas;color:black;background:#FFFFFE;\">Resource Group Name: 'Resource Group Name'</span></i><i><span style=\"font-size:12.0pt;font-family:Consolas;color:#0451A5;background:#FFFFFE;\"></span></i></p><p style=\"margin:0cm 0cm 8pt;font-size:11pt;font-family:Calibri, sans-serif;margin-bottom:0cm;\"><i><span style=\"font-size:12.0pt;font-family:Consolas;color:black;background:#FFFFFE;\">Storage Accoun tName: 'StorageAccount Name'</span></i><i><span style=\"font-size:12.0pt;font-family:Consolas;color:#0451A5;background:#FFFFFE;\"></span></i></p><p style=\"margin:0cm 0cm 8pt;font-size:11pt;font-family:Calibri, sans-serif;margin-bottom:0cm;\"><i><span style=\"font-size:12.0pt;font-family:Consolas;color:black;background:#FFFFFE;\">Azure Container Name: 'Container Name'</span></i><i><span style=\"font-size:12.0pt;font-family:Consolas;color:#0451A5;background:#FFFFFE;\"></span></i></p><p style=\"margin:0cm 0cm 8pt;font-size:11pt;font-family:Calibri, sans-serif;margin-bottom:0cm;\"><i><span style=\"font-size:12.0pt;font-family:Consolas;color:black;background:#FFFFFE;\">Key: 'azure&nbsp;Storage Account&nbsp;key'</span></i><i><span style=\"font-size:12.0pt;font-family:Consolas;color:#0451A5;background:#FFFFFE;\"></span></i></p><p style=\"margin:0cm 0cm 8pt;font-size:11pt;font-family:Calibri, sans-serif;margin-bottom:0cm;\"><i><span style=\"font-size:12.0pt;font-family:Consolas;color:black;background:#FFFFFE;\">-task:\nms-devlabs.custom-terraform-tasks.custom-terraform-release-task.TerraformTaskV2@2</span></i><i><span style=\"font-size:12.0pt;font-family:Consolas;color:#0451A5;background:#FFFFFE;\"></span></i></p><p style=\"margin:0cm 0cm 8pt;font-size:11pt;font-family:Calibri, sans-serif;margin-bottom:0cm;\"><i><span style=\"font-size:12.0pt;font-family:Consolas;color:black;background:#FFFFFE;\">command: plan</span></i><i><span style=\"font-size:12.0pt;font-family:Consolas;color:#0451A5;background:#FFFFFE;\"></span></i></p><p style=\"margin:0cm 0cm 8pt;font-size:11pt;font-family:Calibri, sans-serif;margin-bottom:0cm;\"><i><span style=\"font-size:12.0pt;font-family:Consolas;color:black;background:#FFFFFE;\">Azure subscription: 'service connection'</span></i><i><span style=\"font-size:12.0pt;font-family:Consolas;color:#0451A5;background:#FFFFFE;\"></span></i></p><p style=\"margin:0cm 0cm 8pt;font-size:11pt;font-family:Calibri, sans-serif;margin-bottom:0cm;\"><i><span style=\"font-size:12.0pt;font-family:Consolas;color:black;background:#FFFFFE;\">-task:\nms-devlabs.custom-terraform-tasks.custom-terraform-release-task.TerraformTaskV2@2</span></i><i><span style=\"font-size:12.0pt;font-family:Consolas;color:#0451A5;background:#FFFFFE;\"></span></i></p><p style=\"margin:0cm 0cm 8pt;font-size:11pt;font-family:Calibri, sans-serif;margin-bottom:0cm;\"><i><span style=\"font-size:12.0pt;font-family:Consolas;color:black;background:#FFFFFE;\">command: apply</span></i><i><span style=\"font-size:12.0pt;font-family:Consolas;color:#0451A5;background:#FFFFFE;\"></span></i></p><p style=\"margin:0cm 0cm 8pt;font-size:11pt;font-family:Calibri, sans-serif;margin-bottom:0cm;\"><i><span style=\"font-size:12.0pt;font-family:Consolas;color:black;background:#FFFFFE;\">Azure subscription: 'service connection'</span></i><i><span style=\"font-size:12.0pt;font-family:Consolas;color:#0451A5;background:#FFFFFE;\"></span></i></p><div><span style=\"color:rgb(32, 33, 36);font-family:Roboto, arial, sans-serif;font-size:13px;text-align:left;display:inline !important;\"></span><br></div>",
        "System.AssignedTo": null,
        "Microsoft.VSTS.Scheduling.RemainingWork": 0.0,
        "Microsoft.VSTS.Common.Priority": 2.0,
        "System.BoardLane": null,
        "System.Tags": null,
        "Microsoft.VSTS.TCM.Steps": null,
        "Microsoft.VSTS.TCM.Parameters": null,
        "Microsoft.VSTS.TCM.LocalDataSource": null,
        "Microsoft.VSTS.TCM.AutomationStatus": null,
        "System.History": null
      },
      "relations": null,
      "url": "https://dev.azure.com/ShareProjects2020/_apis/wit/workItems/293"
    },
    {
      "id": 292,
      "rev": 3,
      "fields": {
        "System.AreaPath": "Template Terraform Project - Agile",
        "System.TeamProject": "Template Terraform Project - Agile",
        "System.IterationPath": "Template Terraform Project - Agile",
        "System.WorkItemType": "Task",
        "System.State": "To Do",
        "System.Reason": "New task",
        "System.CreatedDate": "2021-07-13T10:18:16.657Z",
        "System.CreatedBy": "Kai Braumann <kai.braumann@shareprojects.de>",
        "System.ChangedDate": "2021-07-14T10:28:19.65Z",
        "System.ChangedBy": "Kai Braumann <kai.braumann@shareprojects.de>",
        "System.Title": "6th Step - Deployment",
        "Microsoft.VSTS.Scheduling.Effort": 0.0,
        "System.Description": "<div><span style=\"color:rgb(32, 33, 36);font-family:Roboto, arial, sans-serif;font-size:13px;text-align:left;display:inline !important;\"></span></div><p style=\"margin:0cm 0cm 8pt;font-size:11pt;font-family:Calibri, sans-serif;margin-bottom:0cm;\"><span style=\"font-size:10.5pt;font-family:&quot;Segoe UI&quot;,sans-serif;color:black;\">This template consists\nof three build and one release pipeline to help build and deploy a terraform script.&nbsp;</span></p><p style=\"margin:0cm 0cm 8pt;font-size:11pt;font-family:Calibri, sans-serif;margin-bottom:0cm;\"><span style=\"font-size:10.5pt;font-family:&quot;Segoe UI&quot;,sans-serif;color:black;\"><br style=\"\"><br style=\"\"></span></p><p style=\"margin:0cm 0cm 8pt;font-size:11pt;font-family:Calibri, sans-serif;margin-bottom:0cm;\"><b><span style=\"font-size:10.5pt;font-family:&quot;Segoe UI&quot;,sans-serif;color:black;\">Yaml pipeline for copying and publishing artifacts -</span></b><span style=\"font-size:10.5pt;font-family:&quot;Segoe UI&quot;,sans-serif;color:black;\">&nbsp;Copy&nbsp;and publish artifacts\nto&nbsp;<span style=\"font-family:&quot;Segoe UI&quot;, sans-serif;display:inline !important;\">build.artifactStagingDirectory</span>&nbsp;which will be used by the release\npipeline to create the respective infrastructure. Edit this pipeline as per\nrequirement.</span></p><p style=\"margin:0cm 0cm 8pt;font-size:11pt;font-family:Calibri, sans-serif;margin-bottom:0cm;\"><span style=\"font-size:10.5pt;font-family:&quot;Segoe UI&quot;,sans-serif;color:black;\">&nbsp;</span></p><p style=\"margin:0cm 0cm 8pt;font-size:11pt;font-family:Calibri, sans-serif;margin-bottom:0cm;\"><b><span style=\"font-size:10.5pt;font-family:&quot;Segoe UI&quot;,sans-serif;color:black;\">Yaml pipeline for building and deploying Infrastructure -</span></b><span style=\"font-size:10.5pt;font-family:&quot;Segoe UI&quot;,sans-serif;color:black;\">&nbsp;Build artifacts and deploy a script to create the respective infrastructure. It has a task for a keyvault and token replacement, which you can remove if you do not need them. Then create a service connection and edit the other configurations to adjust the pipeline.&nbsp;</span></p><p style=\"margin:0cm 0cm 8pt;font-size:11pt;font-family:Calibri, sans-serif;margin-bottom:0cm;\"><span style=\"font-size:10.5pt;font-family:&quot;Segoe UI&quot;,sans-serif;color:black;\"><br style=\"\"></span></p><p style=\"margin:0cm 0cm 8pt;font-size:11pt;font-family:Calibri, sans-serif;margin-bottom:0cm;\"><b><span style=\"font-size:10.5pt;font-family:&quot;Segoe UI&quot;,sans-serif;color:black;\">Classic editor pipeline for copying and publishing artifacts -&nbsp;</span></b><span style=\"font-size:10.5pt;font-family:&quot;Segoe UI&quot;,sans-serif;color:black;\"><span style=\"font-family:&quot;Segoe UI&quot;, sans-serif;display:inline !important;\">Copy&nbsp;and publish artifacts to&nbsp;</span><span style=\"box-sizing:border-box;font-family:&quot;Segoe UI&quot;, sans-serif;display:inline !important;\">build.artifactStagingDirectory</span><span style=\"font-family:&quot;Segoe UI&quot;, sans-serif;display:inline !important;\">&nbsp;which will be used by the release pipeline to create the respective infrastructure. Edit this pipeline as per requirement.</span><br style=\"\"><br style=\"\"></span></p><p style=\"margin:0cm 0cm 8pt;font-size:11pt;font-family:Calibri, sans-serif;margin-bottom:0cm;\"><b style=\"font-size:11pt;\"><span style=\"font-size:10.5pt;font-family:&quot;Segoe UI&quot;, sans-serif;\">Terraform Release -</span></b><span style=\"font-weight:inherit;font-size:10.5pt;font-family:&quot;Segoe UI&quot;, sans-serif;\">&nbsp;The project contains\none release which will be used to deploy published artifacts for creating an infrastructure. Then create a service connection and adjust other configurations based\non the requirement.&nbsp;</span><br></p><div><span style=\"color:rgb(32, 33, 36);font-family:Roboto, arial, sans-serif;font-size:13px;text-align:left;display:inline !important;\"></span><br></div>",
        "System.AssignedTo": null,
        "Microsoft.VSTS.Scheduling.RemainingWork": 0.0,
        "Microsoft.VSTS.Common.Priority": 2.0,
        "System.BoardLane": null,
        "System.Tags": null,
        "Microsoft.VSTS.TCM.Steps": null,
        "Microsoft.VSTS.TCM.Parameters": null,
        "Microsoft.VSTS.TCM.LocalDataSource": null,
        "Microsoft.VSTS.TCM.AutomationStatus": null,
        "System.History": null
      },
      "relations": null,
      "url": "https://dev.azure.com/ShareProjects2020/_apis/wit/workItems/292"
    },
    {
      "id": 291,
      "rev": 3,
      "fields": {
        "System.AreaPath": "Template Terraform Project - Agile",
        "System.TeamProject": "Template Terraform Project - Agile",
        "System.IterationPath": "Template Terraform Project - Agile",
        "System.WorkItemType": "Task",
        "System.State": "To Do",
        "System.Reason": "New task",
        "System.CreatedDate": "2021-07-13T10:18:16.657Z",
        "System.CreatedBy": "Kai Braumann <kai.braumann@shareprojects.de>",
        "System.ChangedDate": "2021-07-14T09:59:43.777Z",
        "System.ChangedBy": "Kai Braumann <kai.braumann@shareprojects.de>",
        "System.Title": "5th Step - Create Service Connections for Pipelines",
        "Microsoft.VSTS.Scheduling.Effort": 0.0,
        "System.Description": "<div><span style=\"color:rgb(32, 33, 36);font-family:Roboto, arial, sans-serif;font-size:13px;text-align:left;display:inline !important;\"></span></div><p style=\"margin:0cm 0cm 8pt;font-size:11pt;font-family:Calibri, sans-serif;margin-bottom:0cm;\"><span style=\"font-size:10.5pt;font-family:&quot;Segoe UI&quot;,sans-serif;color:black;\">Create Service\nConnections&nbsp;that will help you manage, protect, and reuse authentications\nto external services such as the Azure Resource Manager.</span></p><p style=\"margin:0cm 0cm 8pt;font-size:11pt;font-family:Calibri, sans-serif;margin-bottom:0cm;\"><span style=\"font-size:10.5pt;font-family:&quot;Segoe UI&quot;,sans-serif;color:black;\">&nbsp;</span></p><p style=\"margin:0cm 0cm 8pt;font-size:11pt;font-family:Calibri, sans-serif;margin-bottom:0cm;\"><span style=\"font-size:10.5pt;font-family:&quot;Segoe UI&quot;,sans-serif;color:black;\">Create the following service\nconnections:</span></p><p style=\"margin:0cm 0cm 8pt;font-size:11pt;font-family:Calibri, sans-serif;margin-bottom:0cm;\"><span style=\"font-size:10.5pt;font-family:&quot;Segoe UI&quot;,sans-serif;color:black;\">&nbsp;</span></p><p style=\"margin:0cm 0cm 8pt;font-size:11pt;font-family:Calibri, sans-serif;margin-bottom:0cm;\"><span style=\"font-size:10.5pt;font-family:&quot;Segoe UI&quot;,sans-serif;color:black;\">&nbsp;</span></p><p style=\"margin:0cm 0cm 8pt;font-size:11pt;font-family:Calibri, sans-serif;margin-bottom:0cm;\"><b><span style=\"font-size:10.5pt;font-family:&quot;Segoe UI&quot;,sans-serif;color:black;\">The Azure Resource\nManager </span></b><span style=\"font-size:10.5pt;font-family:&quot;Segoe UI&quot;,sans-serif;color:black;\">is using a Service Principal:&nbsp;To create one, go to your Project Settings,\nthen Service Connections and create a new service connection of type Azure\nResource Manager. Additionally, select authentication method as service\nprincipal (automatic or manual).</span></p><p style=\"margin:0cm 0cm 8pt;font-size:11pt;font-family:Calibri, sans-serif;margin-bottom:0cm;\"><span style=\"font-size:10.5pt;font-family:&quot;Segoe UI&quot;,sans-serif;color:black;\">&nbsp;</span></p><p style=\"margin:0cm 0cm 8pt;font-size:11pt;font-family:Calibri, sans-serif;margin-bottom:0cm;\"><b><span style=\"font-size:10.5pt;font-family:&quot;Segoe UI&quot;,sans-serif;color:black;\">Note</span></b><span style=\"font-size:10.5pt;font-family:&quot;Segoe UI&quot;,sans-serif;color:black;background:white;\">: In\norder to create a service connection, you need to make a ServiceNow request from the catalogue <span style=\"font-family:&quot;Segoe UI&quot;, sans-serif;display:inline !important;\">below,<span>&nbsp;</span></span>with details like project name, resource group etc. The DevOps team\nwill create the service connection for your project and let you know once it is done.</span><span style=\"font-size:12.0pt;font-family:&quot;Times New Roman&quot;,serif;\"></span></p><p style=\"margin:0cm 0cm 8pt;font-size:11pt;font-family:Calibri, sans-serif;margin-bottom:0cm;\"><span style=\"font-size:10.5pt;font-family:&quot;Segoe UI&quot;,sans-serif;color:black;\">&nbsp;</span></p><p style=\"margin:0cm 0cm 8pt;font-size:11pt;font-family:Calibri, sans-serif;\"><a href=\"https://uniperprod.service-now.com/unipersp?id=sc_cat_item_uni&amp;sys_id=9b5693dadbf82c10d1ebbaf1f396199e\"><span style=\"font-size:10.5pt;font-family:&quot;Segoe UI&quot;,sans-serif;color:blue;\">https://uniperprod.service-now.com/unipersp?id=sc_cat_item_uni&amp;sys_id=9b5693dadbf82c10d1ebbaf1f396199e</span></a><span style=\"font-size:12.0pt;font-family:&quot;Times New Roman&quot;,serif;\"></span></p><div><span style=\"color:rgb(32, 33, 36);font-family:Roboto, arial, sans-serif;font-size:13px;text-align:left;display:inline !important;\"></span><br></div>",
        "System.AssignedTo": null,
        "Microsoft.VSTS.Scheduling.RemainingWork": 0.0,
        "Microsoft.VSTS.Common.Priority": 2.0,
        "System.BoardLane": null,
        "System.Tags": null,
        "Microsoft.VSTS.TCM.Steps": null,
        "Microsoft.VSTS.TCM.Parameters": null,
        "Microsoft.VSTS.TCM.LocalDataSource": null,
        "Microsoft.VSTS.TCM.AutomationStatus": null,
        "System.History": null
      },
      "relations": null,
      "url": "https://dev.azure.com/ShareProjects2020/_apis/wit/workItems/291"
    },
    {
      "id": 290,
      "rev": 4,
      "fields": {
        "System.AreaPath": "Template Terraform Project - Agile",
        "System.TeamProject": "Template Terraform Project - Agile",
        "System.IterationPath": "Template Terraform Project - Agile",
        "System.WorkItemType": "Task",
        "System.State": "To Do",
        "System.Reason": "New task",
        "System.CreatedDate": "2021-07-13T10:18:16.657Z",
        "System.CreatedBy": "Kai Braumann <kai.braumann@shareprojects.de>",
        "System.ChangedDate": "2021-07-14T09:49:42.68Z",
        "System.ChangedBy": "Kai Braumann <kai.braumann@shareprojects.de>",
        "System.Title": "4th Step - Configure self-hosted agent for releases",
        "Microsoft.VSTS.Scheduling.Effort": 0.0,
        "System.Description": "<div><span style=\"color:rgb(32, 33, 36);font-family:Roboto, arial, sans-serif;font-size:13px;text-align:left;display:inline !important;\"></span></div><p style=\"margin:0cm 0cm 8pt;font-size:11pt;font-family:Calibri, sans-serif;margin-bottom:0cm;background:white;\"><span style=\"font-size:10.5pt;font-family:&quot;Segoe UI&quot;,sans-serif;color:black;\">In order to deploy your\napplication to the azure app-service environment, you must have a self-hosted agent which has multiple ways to be used.</span></p><p style=\"margin:0cm 0cm 8pt;font-size:11pt;font-family:Calibri, sans-serif;margin-bottom:0cm;background:white;\"><span style=\"font-size:10.5pt;font-family:&quot;Segoe UI&quot;,sans-serif;color:black;\">&nbsp;</span></p><ol start=1 type=1 style=\"margin-bottom:0cm;\">\n <li style=\"margin:0cm 0cm 8pt;font-size:11pt;font-family:Calibri, sans-serif;color:black;background:white;\"><b><span style=\"font-size:10.5pt;font-family:&quot;Segoe UI&quot;,sans-serif;\">Decicated\n     own self-hosted agent</span></b><span style=\"font-size:10.5pt;font-family:&quot;Segoe UI&quot;,sans-serif;\">&nbsp;- You can have your own self-hosted agent.\n     For that you need to get in touch with the HACT Azure infrastructure team to\n     procure a vm and afterwards reach out to HACT azure devops team to install an agent on\n     that vm. R</span>eference link&nbsp;<a href=\"https://wiki.intranet.uniper.energy/sales/display/CF/Build+and+release+agents\" style=\"font-size:11pt;font-weight:inherit;\"><span style=\"font-size:10.5pt;font-family:&quot;Segoe UI&quot;,sans-serif;color:blue;\">https://wiki.intranet.uniper.energy/sales/display/CF/Build+and+release+agents</span></a><span style=\"font-weight:inherit;font-size:10.5pt;font-family:&quot;Segoe UI&quot;, sans-serif;\">&nbsp;</span></li>\n <li style=\"margin:0cm 0cm 8pt;font-size:11pt;font-family:Calibri, sans-serif;color:black;background:white;\"><b><span style=\"font-size:10.5pt;font-family:&quot;Segoe UI&quot;,sans-serif;\">Shared\n     Self-Hosted Agent</span></b><span style=\"font-size:10.5pt;font-family:&quot;Segoe UI&quot;,sans-serif;\">&nbsp;-You can use shared agent as well, which are managed\n     by HACT devops team. It is a shared agent running in a kubernetes\n     environment. You can reach to HACT azure DevOps team to avail the same.</span></li></ol>",
        "System.AssignedTo": null,
        "Microsoft.VSTS.Scheduling.RemainingWork": 0.0,
        "Microsoft.VSTS.Common.Priority": 2.0,
        "System.BoardLane": null,
        "System.Tags": null,
        "Microsoft.VSTS.TCM.Steps": null,
        "Microsoft.VSTS.TCM.Parameters": null,
        "Microsoft.VSTS.TCM.LocalDataSource": null,
        "Microsoft.VSTS.TCM.AutomationStatus": null,
        "System.History": null
      },
      "relations": null,
      "url": "https://dev.azure.com/ShareProjects2020/_apis/wit/workItems/290"
    },
    {
      "id": 289,
      "rev": 3,
      "fields": {
        "System.AreaPath": "Template Terraform Project - Agile",
        "System.TeamProject": "Template Terraform Project - Agile",
        "System.IterationPath": "Template Terraform Project - Agile",
        "System.WorkItemType": "Task",
        "System.State": "To Do",
        "System.Reason": "New task",
        "System.CreatedDate": "2021-07-13T10:18:16.657Z",
        "System.CreatedBy": "Kai Braumann <kai.braumann@shareprojects.de>",
        "System.ChangedDate": "2021-07-14T09:30:48.983Z",
        "System.ChangedBy": "Kai Braumann <kai.braumann@shareprojects.de>",
        "System.Title": "3rd Step - Repository access and branch policy setup",
        "Microsoft.VSTS.Scheduling.Effort": 0.0,
        "System.Description": "<div><span style=\"color:rgb(32, 33, 36);font-family:Roboto, arial, sans-serif;font-size:13px;text-align:left;display:inline !important;\"><p style=\"margin:0cm 0cm 8pt;font-size:11pt;font-family:Calibri, sans-serif;margin-bottom:0cm;background:white;\"><span style=\"font-size:10.5pt;font-family:&quot;Segoe UI&quot;,sans-serif;color:black;\">After receiving your\nproject, please plan to organize the repository according to team, application and project.</span></p><p style=\"margin:0cm 0cm 8pt;font-size:11pt;font-family:Calibri, sans-serif;margin-bottom:0cm;background:white;\"><span style=\"font-size:10.5pt;font-family:&quot;Segoe UI&quot;,sans-serif;color:black;\"><br></span></p><p style=\"margin:0cm 0cm 8pt;font-size:11pt;font-family:Calibri, sans-serif;margin-bottom:0cm;background:white;\"><span style=\"font-size:10.5pt;font-family:&quot;Segoe UI&quot;,sans-serif;color:black;\">In addition it is recommended to manage branches based on environment and features to serve development and releases. Adding branch policy will give you more control over who can manage changes and if it requires review approval or similar. Setting up a pull request is\nalso one of the best ways to have more control over changes going to respective\nbranches.&nbsp;</span></p> </span><br></div>",
        "System.AssignedTo": null,
        "Microsoft.VSTS.Scheduling.RemainingWork": 0.0,
        "Microsoft.VSTS.Common.Priority": 2.0,
        "System.BoardLane": null,
        "System.Tags": null,
        "Microsoft.VSTS.TCM.Steps": null,
        "Microsoft.VSTS.TCM.Parameters": null,
        "Microsoft.VSTS.TCM.LocalDataSource": null,
        "Microsoft.VSTS.TCM.AutomationStatus": null,
        "System.History": null
      },
      "relations": null,
      "url": "https://dev.azure.com/ShareProjects2020/_apis/wit/workItems/289"
    },
    {
      "id": 288,
      "rev": 4,
      "fields": {
        "System.AreaPath": "Template Terraform Project - Agile",
        "System.TeamProject": "Template Terraform Project - Agile",
        "System.IterationPath": "Template Terraform Project - Agile",
        "System.WorkItemType": "Task",
        "System.State": "To Do",
        "System.Reason": "New task",
        "System.CreatedDate": "2021-07-13T10:18:16.657Z",
        "System.CreatedBy": "Kai Braumann <kai.braumann@shareprojects.de>",
        "System.ChangedDate": "2021-07-14T09:24:57.707Z",
        "System.ChangedBy": "Kai Braumann <kai.braumann@shareprojects.de>",
        "System.Title": "2nd Step - Best Practices",
        "Microsoft.VSTS.Scheduling.Effort": 0.0,
        "System.Description": "<div><span style=\"color:rgb(32, 33, 36);font-family:Roboto, arial, sans-serif;font-size:13px;text-align:left;display:inline !important;\"></span></div><p style=\"margin:0cm 0cm 8pt;font-size:11pt;font-family:Calibri, sans-serif;margin-bottom:0cm;background:white;\"><span style=\"font-size:10.5pt;font-family:&quot;Segoe UI&quot;,sans-serif;color:black;\">Best Practices - All the\nbest practices around Azure DevOps implementation are collectively available in\nthe following Wiki pages.</span></p><p style=\"margin:0cm 0cm 8pt;font-size:11pt;font-family:Calibri, sans-serif;margin-bottom:0cm;background:white;\"><span style=\"font-size:10.5pt;font-family:&quot;Segoe UI&quot;,sans-serif;color:black;\"><br style=\"\"></span><span style=\"font-family:&quot;Segoe UI&quot;, sans-serif;font-size:10.5pt;font-weight:inherit;\">Azure DevOps Best\nPractices:&nbsp;</span><span style=\"font-size:10.5pt;font-family:&quot;Segoe UI&quot;,sans-serif;color:black;\"><br></span></p><p style=\"margin:0cm 0cm 8pt;font-size:11pt;font-family:Calibri, sans-serif;margin-bottom:0cm;background:white;\"><span style=\"color:black;\"><a href=\"https://wiki.intranet.uniper.energy/sales/display/CF/Azure+DevOps+Best+Practices\" target=_blank title=\"https://wiki.intranet.uniper.energy/sales/display/cf/azure+devops+best+practices\"><span style=\"font-size:10.5pt;font-family:&quot;Segoe UI&quot;,sans-serif;color:blue;\">https://wiki.intranet.uniper.energy/sales/display/CF/Azure+DevOps+Best+Practices</span></a></span><span style=\"font-size:10.5pt;font-family:&quot;Segoe UI&quot;,sans-serif;color:black;\"></span></p><p style=\"margin:0cm 0cm 8pt;font-size:11pt;font-family:Calibri, sans-serif;margin-bottom:0cm;background:white;\"><span style=\"font-size:10.5pt;font-family:&quot;Segoe UI&quot;,sans-serif;color:black;\"><br></span></p><p style=\"margin:0cm 0cm 8pt;font-size:11pt;font-family:Calibri, sans-serif;margin-bottom:0cm;background:white;\"><span style=\"font-size:10.5pt;font-family:&quot;Segoe UI&quot;,sans-serif;color:black;\">Azure Best\nPractices:&nbsp;</span></p><p style=\"margin:0cm 0cm 8pt;font-size:11pt;font-family:Calibri, sans-serif;margin-bottom:0cm;background:white;\"><span style=\"color:black;\"><a href=\"https://wiki.intranet.uniper.energy/sales/display/ISN/Azure+Best+Practices\" target=_blank title=\"https://wiki.intranet.uniper.energy/sales/display/isn/azure+best+practices\"><span style=\"font-size:10.5pt;font-family:&quot;Segoe UI&quot;,sans-serif;color:blue;\">https://wiki.intranet.uniper.energy/sales/display/ISN/Azure+Best+Practices</span></a></span><span style=\"font-size:10.5pt;font-family:&quot;Segoe UI&quot;,sans-serif;color:black;\"></span></p><p style=\"margin:0cm 0cm 8pt;font-size:11pt;font-family:Calibri, sans-serif;margin-bottom:0cm;background:white;\"><span style=\"font-size:10.5pt;font-family:&quot;Segoe UI&quot;,sans-serif;color:black;\">&nbsp;</span></p><p style=\"margin:0cm 0cm 8pt;font-size:11pt;font-family:Calibri, sans-serif;margin-bottom:0cm;background:white;\"><span style=\"font-size:10.5pt;font-family:&quot;Segoe UI&quot;,sans-serif;color:black;\">Azure DevOps FAQ:&nbsp;</span></p><p style=\"margin:0cm 0cm 8pt;font-size:11pt;font-family:Calibri, sans-serif;margin-bottom:0cm;background:white;\"><span style=\"color:black;\"><a href=\"https://wiki.intranet.uniper.energy/sales/display/CF/FAQ:+Azure+DevOps\"><span style=\"font-size:10.5pt;font-family:&quot;Segoe UI&quot;,sans-serif;color:blue;\">https://wiki.intranet.uniper.energy/sales/display/CF/FAQ%3A+Azure+DevOps</span></a></span><span style=\"font-size:10.5pt;font-family:&quot;Segoe UI&quot;,sans-serif;color:black;\"></span></p><div><a rel=\"nofollow noopener noreferrer\" target=_blank href=\"https://wiki.intranet.uniper.energy/sales/display/CF/FAQ:+Azure+DevOps\" style=\"text-decoration:underline;color:rgb(51, 103, 214);font-size:13px;font-family:Roboto, arial, sans-serif;text-align:left;\"></a><br></div>",
        "System.AssignedTo": null,
        "Microsoft.VSTS.Scheduling.RemainingWork": 0.0,
        "Microsoft.VSTS.Common.Priority": 2.0,
        "System.BoardLane": null,
        "System.Tags": null,
        "Microsoft.VSTS.TCM.Steps": null,
        "Microsoft.VSTS.TCM.Parameters": null,
        "Microsoft.VSTS.TCM.LocalDataSource": null,
        "Microsoft.VSTS.TCM.AutomationStatus": null,
        "System.History": null
      },
      "relations": null,
      "url": "https://dev.azure.com/ShareProjects2020/_apis/wit/workItems/288"
    },
    {
      "id": 287,
      "rev": 3,
      "fields": {
        "System.AreaPath": "Template Terraform Project - Agile",
        "System.TeamProject": "Template Terraform Project - Agile",
        "System.IterationPath": "Template Terraform Project - Agile",
        "System.WorkItemType": "Task",
        "System.State": "To Do",
        "System.Reason": "New task",
        "System.CreatedDate": "2021-07-13T10:18:16.657Z",
        "System.CreatedBy": "Kai Braumann <kai.braumann@shareprojects.de>",
        "System.ChangedDate": "2021-07-14T09:24:08.743Z",
        "System.ChangedBy": "Kai Braumann <kai.braumann@shareprojects.de>",
        "System.Title": "1st Step - Create Wiki pages",
        "Microsoft.VSTS.Scheduling.Effort": 0.0,
        "System.Description": "<div><span style=\"color:rgb(32, 33, 36);font-family:Roboto, arial, sans-serif;font-size:13px;text-align:left;display:inline !important;\"><p style=\"margin:0cm 0cm 8pt;font-size:11pt;font-family:Calibri, sans-serif;margin-bottom:0cm;background:white;\"><span style=\"font-size:10.5pt;font-family:&quot;Segoe UI&quot;,sans-serif;color:black;\">Convert *.md files to\nwiki pages.</span></p><p style=\"margin:0cm 0cm 8pt;font-size:11pt;font-family:Calibri, sans-serif;margin-bottom:0cm;background:white;\"><span style=\"font-size:10.5pt;font-family:&quot;Segoe UI&quot;,sans-serif;color:black;\">&nbsp;</span></p><p style=\"margin:0cm 0cm 8pt;font-size:11pt;font-family:Calibri, sans-serif;margin-bottom:0cm;background:white;\"><span style=\"font-size:10.5pt;font-family:&quot;Segoe UI&quot;,sans-serif;color:black;\">-Go-to Overview</span></p><p style=\"margin:0cm 0cm 8pt;font-size:11pt;font-family:Calibri, sans-serif;margin-bottom:0cm;background:white;\"><span style=\"font-size:10.5pt;font-family:&quot;Segoe UI&quot;,sans-serif;color:black;\">-Click on Wiki</span></p><p style=\"margin:0cm 0cm 8pt;font-size:11pt;font-family:Calibri, sans-serif;margin-bottom:0cm;background:white;\"><span style=\"font-size:10.5pt;font-family:&quot;Segoe UI&quot;,sans-serif;color:black;\">-Select Publish code as\nWiki option.</span></p><p style=\"margin:0cm 0cm 8pt;font-size:11pt;font-family:Calibri, sans-serif;margin-bottom:0cm;background:white;\"><span style=\"font-size:10.5pt;font-family:&quot;Segoe UI&quot;,sans-serif;color:black;\">-Select folder\ncontaining *.md files &amp; a Wiki name</span></p><p style=\"margin:0cm 0cm 8pt;font-size:11pt;font-family:Calibri, sans-serif;margin-bottom:0cm;background:white;\"><span style=\"font-size:10.5pt;font-family:&quot;Segoe UI&quot;,sans-serif;color:black;\">-Click on Publish</span></p><p style=\"margin:0cm 0cm 8pt;font-size:11pt;font-family:Calibri, sans-serif;margin-bottom:0cm;background:white;\"><span style=\"font-size:10.5pt;font-family:&quot;Segoe UI&quot;,sans-serif;color:black;\">&nbsp;</span></p><p style=\"margin:0cm 0cm 8pt;font-size:11pt;font-family:Calibri, sans-serif;margin-bottom:0cm;background:white;\"><span style=\"font-size:10.5pt;font-family:&quot;Segoe UI&quot;,sans-serif;color:black;\">This will create\nindividual wiki pages for each *.md files.</span></p></span><br></div>",
        "System.AssignedTo": null,
        "Microsoft.VSTS.Scheduling.RemainingWork": 0.0,
        "Microsoft.VSTS.Common.Priority": 2.0,
        "System.BoardLane": null,
        "System.Tags": null,
        "Microsoft.VSTS.TCM.Steps": null,
        "Microsoft.VSTS.TCM.Parameters": null,
        "Microsoft.VSTS.TCM.LocalDataSource": null,
        "Microsoft.VSTS.TCM.AutomationStatus": null,
        "System.History": null
      },
      "relations": null,
      "url": "https://dev.azure.com/ShareProjects2020/_apis/wit/workItems/287"
    }
  ],
  "HttpStatusCode": 0,
  "Message": null
}