{
  "count": 8,
  "value": [
    {
      "id": 294,
      "rev": 1,
      "fields": {
        "System.AreaPath": "Template Terraform Project - Agile",
        "System.TeamProject": "Template Terraform Project - Agile",
        "System.IterationPath": "Template Terraform Project - Agile",
        "System.WorkItemType": "Task",
        "System.State": "To Do",
        "System.Reason": "New task",
        "System.CreatedDate": "2021-07-13T10:18:16.657Z",
        "System.CreatedBy": "Kai Braumann <kai.braumann@shareprojects.de>",
        "System.ChangedDate": "2021-07-13T10:18:16.657Z",
        "System.ChangedBy": "Kai Braumann <kai.braumann@shareprojects.de>",
        "System.Title": "8th Step - Configure project dashboard",
        "Microsoft.VSTS.Scheduling.Effort": 0.0,
        "System.Description": null,
        "System.AssignedTo": null,
        "Microsoft.VSTS.Scheduling.RemainingWork": 0.0,
        "Microsoft.VSTS.Common.Priority": 2.0,
        "System.BoardLane": null,
        "System.Tags": null,
        "Microsoft.VSTS.TCM.Steps": null,
        "Microsoft.VSTS.TCM.Parameters": null,
        "Microsoft.VSTS.TCM.LocalDataSource": null,
        "Microsoft.VSTS.TCM.AutomationStatus": null,
        "System.History": null
      },
      "relations": null,
      "url": "https://dev.azure.com/ShareProjects2020/_apis/wit/workItems/294"
    },
    {
      "id": 293,
      "rev": 1,
      "fields": {
        "System.AreaPath": "Template Terraform Project - Agile",
        "System.TeamProject": "Template Terraform Project - Agile",
        "System.IterationPath": "Template Terraform Project - Agile",
        "System.WorkItemType": "Task",
        "System.State": "To Do",
        "System.Reason": "New task",
        "System.CreatedDate": "2021-07-13T10:18:16.657Z",
        "System.CreatedBy": "Kai Braumann <kai.braumann@shareprojects.de>",
        "System.ChangedDate": "2021-07-13T10:18:16.657Z",
        "System.ChangedBy": "Kai Braumann <kai.braumann@shareprojects.de>",
        "System.Title": "7th Step - Edit Pipelines & Releases",
        "Microsoft.VSTS.Scheduling.Effort": 0.0,
        "System.Description": null,
        "System.AssignedTo": null,
        "Microsoft.VSTS.Scheduling.RemainingWork": 0.0,
        "Microsoft.VSTS.Common.Priority": 2.0,
        "System.BoardLane": null,
        "System.Tags": null,
        "Microsoft.VSTS.TCM.Steps": null,
        "Microsoft.VSTS.TCM.Parameters": null,
        "Microsoft.VSTS.TCM.LocalDataSource": null,
        "Microsoft.VSTS.TCM.AutomationStatus": null,
        "System.History": null
      },
      "relations": null,
      "url": "https://dev.azure.com/ShareProjects2020/_apis/wit/workItems/293"
    },
    {
      "id": 292,
      "rev": 1,
      "fields": {
        "System.AreaPath": "Template Terraform Project - Agile",
        "System.TeamProject": "Template Terraform Project - Agile",
        "System.IterationPath": "Template Terraform Project - Agile",
        "System.WorkItemType": "Task",
        "System.State": "To Do",
        "System.Reason": "New task",
        "System.CreatedDate": "2021-07-13T10:18:16.657Z",
        "System.CreatedBy": "Kai Braumann <kai.braumann@shareprojects.de>",
        "System.ChangedDate": "2021-07-13T10:18:16.657Z",
        "System.ChangedBy": "Kai Braumann <kai.braumann@shareprojects.de>",
        "System.Title": "6th Step - Deployment",
        "Microsoft.VSTS.Scheduling.Effort": 0.0,
        "System.Description": null,
        "System.AssignedTo": null,
        "Microsoft.VSTS.Scheduling.RemainingWork": 0.0,
        "Microsoft.VSTS.Common.Priority": 2.0,
        "System.BoardLane": null,
        "System.Tags": null,
        "Microsoft.VSTS.TCM.Steps": null,
        "Microsoft.VSTS.TCM.Parameters": null,
        "Microsoft.VSTS.TCM.LocalDataSource": null,
        "Microsoft.VSTS.TCM.AutomationStatus": null,
        "System.History": null
      },
      "relations": null,
      "url": "https://dev.azure.com/ShareProjects2020/_apis/wit/workItems/292"
    },
    {
      "id": 291,
      "rev": 1,
      "fields": {
        "System.AreaPath": "Template Terraform Project - Agile",
        "System.TeamProject": "Template Terraform Project - Agile",
        "System.IterationPath": "Template Terraform Project - Agile",
        "System.WorkItemType": "Task",
        "System.State": "To Do",
        "System.Reason": "New task",
        "System.CreatedDate": "2021-07-13T10:18:16.657Z",
        "System.CreatedBy": "Kai Braumann <kai.braumann@shareprojects.de>",
        "System.ChangedDate": "2021-07-13T10:18:16.657Z",
        "System.ChangedBy": "Kai Braumann <kai.braumann@shareprojects.de>",
        "System.Title": "5th Step - Create Service Connections for Pipelines",
        "Microsoft.VSTS.Scheduling.Effort": 0.0,
        "System.Description": null,
        "System.AssignedTo": null,
        "Microsoft.VSTS.Scheduling.RemainingWork": 0.0,
        "Microsoft.VSTS.Common.Priority": 2.0,
        "System.BoardLane": null,
        "System.Tags": null,
        "Microsoft.VSTS.TCM.Steps": null,
        "Microsoft.VSTS.TCM.Parameters": null,
        "Microsoft.VSTS.TCM.LocalDataSource": null,
        "Microsoft.VSTS.TCM.AutomationStatus": null,
        "System.History": null
      },
      "relations": null,
      "url": "https://dev.azure.com/ShareProjects2020/_apis/wit/workItems/291"
    },
    {
      "id": 290,
      "rev": 1,
      "fields": {
        "System.AreaPath": "Template Terraform Project - Agile",
        "System.TeamProject": "Template Terraform Project - Agile",
        "System.IterationPath": "Template Terraform Project - Agile",
        "System.WorkItemType": "Task",
        "System.State": "To Do",
        "System.Reason": "New task",
        "System.CreatedDate": "2021-07-13T10:18:16.657Z",
        "System.CreatedBy": "Kai Braumann <kai.braumann@shareprojects.de>",
        "System.ChangedDate": "2021-07-13T10:18:16.657Z",
        "System.ChangedBy": "Kai Braumann <kai.braumann@shareprojects.de>",
        "System.Title": "4th Step - Configure self-hosted agent for releases",
        "Microsoft.VSTS.Scheduling.Effort": 0.0,
        "System.Description": null,
        "System.AssignedTo": null,
        "Microsoft.VSTS.Scheduling.RemainingWork": 0.0,
        "Microsoft.VSTS.Common.Priority": 2.0,
        "System.BoardLane": null,
        "System.Tags": null,
        "Microsoft.VSTS.TCM.Steps": null,
        "Microsoft.VSTS.TCM.Parameters": null,
        "Microsoft.VSTS.TCM.LocalDataSource": null,
        "Microsoft.VSTS.TCM.AutomationStatus": null,
        "System.History": null
      },
      "relations": null,
      "url": "https://dev.azure.com/ShareProjects2020/_apis/wit/workItems/290"
    },
    {
      "id": 289,
      "rev": 1,
      "fields": {
        "System.AreaPath": "Template Terraform Project - Agile",
        "System.TeamProject": "Template Terraform Project - Agile",
        "System.IterationPath": "Template Terraform Project - Agile",
        "System.WorkItemType": "Task",
        "System.State": "To Do",
        "System.Reason": "New task",
        "System.CreatedDate": "2021-07-13T10:18:16.657Z",
        "System.CreatedBy": "Kai Braumann <kai.braumann@shareprojects.de>",
        "System.ChangedDate": "2021-07-13T10:18:16.657Z",
        "System.ChangedBy": "Kai Braumann <kai.braumann@shareprojects.de>",
        "System.Title": "3rd Step - Repository access and branch policy setup",
        "Microsoft.VSTS.Scheduling.Effort": 0.0,
        "System.Description": null,
        "System.AssignedTo": null,
        "Microsoft.VSTS.Scheduling.RemainingWork": 0.0,
        "Microsoft.VSTS.Common.Priority": 2.0,
        "System.BoardLane": null,
        "System.Tags": null,
        "Microsoft.VSTS.TCM.Steps": null,
        "Microsoft.VSTS.TCM.Parameters": null,
        "Microsoft.VSTS.TCM.LocalDataSource": null,
        "Microsoft.VSTS.TCM.AutomationStatus": null,
        "System.History": null
      },
      "relations": null,
      "url": "https://dev.azure.com/ShareProjects2020/_apis/wit/workItems/289"
    },
    {
      "id": 288,
      "rev": 1,
      "fields": {
        "System.AreaPath": "Template Terraform Project - Agile",
        "System.TeamProject": "Template Terraform Project - Agile",
        "System.IterationPath": "Template Terraform Project - Agile",
        "System.WorkItemType": "Task",
        "System.State": "To Do",
        "System.Reason": "New task",
        "System.CreatedDate": "2021-07-13T10:18:16.657Z",
        "System.CreatedBy": "Kai Braumann <kai.braumann@shareprojects.de>",
        "System.ChangedDate": "2021-07-13T10:18:16.657Z",
        "System.ChangedBy": "Kai Braumann <kai.braumann@shareprojects.de>",
        "System.Title": "2nd Step - Best Practices",
        "Microsoft.VSTS.Scheduling.Effort": 0.0,
        "System.Description": null,
        "System.AssignedTo": null,
        "Microsoft.VSTS.Scheduling.RemainingWork": 0.0,
        "Microsoft.VSTS.Common.Priority": 2.0,
        "System.BoardLane": null,
        "System.Tags": null,
        "Microsoft.VSTS.TCM.Steps": null,
        "Microsoft.VSTS.TCM.Parameters": null,
        "Microsoft.VSTS.TCM.LocalDataSource": null,
        "Microsoft.VSTS.TCM.AutomationStatus": null,
        "System.History": null
      },
      "relations": null,
      "url": "https://dev.azure.com/ShareProjects2020/_apis/wit/workItems/288"
    },
    {
      "id": 287,
      "rev": 1,
      "fields": {
        "System.AreaPath": "Template Terraform Project - Agile",
        "System.TeamProject": "Template Terraform Project - Agile",
        "System.IterationPath": "Template Terraform Project - Agile",
        "System.WorkItemType": "Task",
        "System.State": "To Do",
        "System.Reason": "New task",
        "System.CreatedDate": "2021-07-13T10:18:16.657Z",
        "System.CreatedBy": "Kai Braumann <kai.braumann@shareprojects.de>",
        "System.ChangedDate": "2021-07-13T10:18:16.657Z",
        "System.ChangedBy": "Kai Braumann <kai.braumann@shareprojects.de>",
        "System.Title": "1st Step - Create Wiki pages",
        "Microsoft.VSTS.Scheduling.Effort": 0.0,
        "System.Description": null,
        "System.AssignedTo": null,
        "Microsoft.VSTS.Scheduling.RemainingWork": 0.0,
        "Microsoft.VSTS.Common.Priority": 2.0,
        "System.BoardLane": null,
        "System.Tags": null,
        "Microsoft.VSTS.TCM.Steps": null,
        "Microsoft.VSTS.TCM.Parameters": null,
        "Microsoft.VSTS.TCM.LocalDataSource": null,
        "Microsoft.VSTS.TCM.AutomationStatus": null,
        "System.History": null
      },
      "relations": null,
      "url": "https://dev.azure.com/ShareProjects2020/_apis/wit/workItems/287"
    }
  ],
  "HttpStatusCode": 0,
  "Message": null
}