{
  "Extensions": [
    {
      "extensionName": "Azure DevOps Open in Excel",
      "link": "<a href='https://marketplace.visualstudio.com/items?itemName=blueprint.vsts-open-work-items-in-excel' target='_blank'><b>Azure DevOps Open in Excel</b></a>",
      "publisherId": "blueprint",
      "extensionId": "vsts-open-work-items-in-excel",
      "publisherName": "Microsoft DevLabs",
      "License": "<a href='https://marketplace.visualstudio.com/items?itemName=blueprint.vsts-open-work-items-in-excel' target='_blank'>License Terms</a>"
    },
    {
      "extensionName": "ARM Outputs",
      "link": "<a href='https://marketplace.visualstudio.com/items?itemName=keesschollaart.arm-outputs' target='_blank'><b>ARM Outputs</b></a>",
      "publisherId": "keesschollaart",
      "extensionId": "arm-outputs",
      "publisherName": "Kees Schollaart",
      "License": "<a href='https://marketplace.visualstudio.com/items?itemName=keesschollaart.arm-outputs' target='_blank'>License Terms</a>"
    },
    {
      "extensionName": "Terraform",
      "link": "<a href='https://marketplace.visualstudio.com/items?itemName=ms-devlabs.custom-terraform-tasks' target='_blank'><b>Terraform</b></a>",
      "publisherId": "ms-devlabs",
      "extensionId": "custom-terraform-tasks",
      "publisherName": "Microsoft DevLabs",
      "License": "<a href='https://marketplace.visualstudio.com/items?itemName=ms-devlabs.custom-terraform-tasks' target='_blank'>License Terms</a>"
    },
    {
      "extensionName": "Team Project Health",
      "link": "<a href='https://marketplace.visualstudio.com/items?itemName=ms-devlabs.TeamProjectHealth' target='_blank'><b>Team Project Health</b></a>",
      "publisherId": "ms-devlabs",
      "extensionId": "TeamProjectHealth",
      "publisherName": "Microsoft DevLabs",
      "License": "<a href='https://marketplace.visualstudio.com/items?itemName=ms-devlabs.TeamProjectHealth' target='_blank'>License Terms</a>"
    },
    {
      "extensionName": "Ansible",
      "link": "<a href='https://marketplace.visualstudio.com/items?itemName=ms-vscs-rm.vss-services-ansible' target='_blank'><b>Ansible</b></a>",
      "publisherId": "ms-vscs-rm",
      "extensionId": "vss-services-ansible",
      "publisherName": "Microsoft",
      "License": "<a href='https://marketplace.visualstudio.com/items?itemName=ms-vscs-rm.vss-services-ansible' target='_blank'>License Terms</a>"
    },
    {
      "extensionName": "Replace Tokens",
      "link": "<a href='https://marketplace.visualstudio.com/items?itemName=qetza.replacetokens' target='_blank'><b>Replace Tokens</b></a>",
      "publisherId": "qetza",
      "extensionId": "replacetokens",
      "publisherName": "Guillaume Rouchon",
      "License": "<a href='https://marketplace.visualstudio.com/items?itemName=qetza.replacetokens' target='_blank'>License Terms</a>"
    },
    {
      "extensionName": "Kubernetes extension",
      "link": "<a href='https://marketplace.visualstudio.com/items?itemName=tsuyoshiushio.k8s-endpoint' target='_blank'><b>Kubernetes extension</b></a>",
      "publisherId": "tsuyoshiushio",
      "extensionId": "k8s-endpoint",
      "publisherName": "Tsuyoshi Ushio",
      "License": "<a href='https://marketplace.visualstudio.com/items?itemName=tsuyoshiushio.k8s-endpoint' target='_blank'>License Terms</a>"
    }
  ]
}